Title,Media URL,Pinterest board,Thumbnail,Description,Link,Publish date,Keywords
Greg Vaughan: Bio And Career Highlights,https://raw.githubusercontent.com/Arslan0070/Pins/main/pins/0301-greg-vaughan-bio-and-career-highlights.jpg,Boredpanda Viral,0:00,,https://www.boredpanda.com/greg-vaughan-bio-and-career-highlights?utm_source=arslan&utm_medium=social&utm_campaign=arslan,21/07/2026,
Eileen Davidson: Bio And Career Highlights,https://raw.githubusercontent.com/Arslan0070/Pins/main/pins/0302-eileen-davidson-bio-and-career-highlights.jpg,Boredpanda Viral,0:00,,https://www.boredpanda.com/eileen-davidson-bio-and-career-highlights?utm_source=arslan&utm_medium=social&utm_campaign=arslan,21/07/2026,
Russell Hitchcock: Bio And Career Highlights,https://raw.githubusercontent.com/Arslan0070/Pins/main/pins/0303-russell-hitchcock-bio-and-career-highlights.jpg,Boredpanda Viral,0:00,,https://www.boredpanda.com/russell-hitchcock-bio-and-career-highlights?utm_source=arslan&utm_medium=social&utm_campaign=arslan,21/07/2026,
Jim Belushi: Bio And Career Highlights,https://raw.githubusercontent.com/Arslan0070/Pins/main/pins/0304-jim-belushi-bio-and-career-highlights.jpg,Boredpanda Viral,0:00,,https://www.boredpanda.com/jim-belushi-bio-and-career-highlights?utm_source=arslan&utm_medium=social&utm_campaign=arslan,21/07/2026,
Leah Remini: Bio And Career Highlights,https://raw.githubusercontent.com/Arslan0070/Pins/main/pins/0305-leah-remini-bio-and-career-highlights.jpg,Boredpanda Viral,0:00,,https://www.boredpanda.com/leah-remini-bio-and-career-highlights?utm_source=arslan&utm_medium=social&utm_campaign=arslan,21/07/2026,
Helen Hunt: Bio And Career Highlights,https://raw.githubusercontent.com/Arslan0070/Pins/main/pins/0306-helen-hunt-bio-and-career-highlights.jpg,Boredpanda Viral,0:00,,https://www.boredpanda.com/helen-hunt-bio-and-career-highlights?utm_source=arslan&utm_medium=social&utm_campaign=arslan,21/07/2026,
Neil Patrick Harris: Bio And Career Highlights,https://raw.githubusercontent.com/Arslan0070/Pins/main/pins/0307-neil-patrick-harris-bio-and-career-highlights.jpg,Boredpanda Viral,0:00,,https://www.boredpanda.com/neil-patrick-harris-bio-and-career-highlights?utm_source=arslan&utm_medium=social&utm_campaign=arslan,21/07/2026,
Ice Cube: Bio And Career Highlights,https://raw.githubusercontent.com/Arslan0070/Pins/main/pins/0308-ice-cube-bio-and-career-highlights.jpg,Boredpanda Viral,0:00,,https://www.boredpanda.com/ice-cube-bio-and-career-highlights?utm_source=arslan&utm_medium=social&utm_campaign=arslan,21/07/2026,
Courteney Cox: Bio And Career Highlights,https://raw.githubusercontent.com/Arslan0070/Pins/main/pins/0309-courteney-cox-bio-and-career-highlights.jpg,Boredpanda Viral,0:00,,https://www.boredpanda.com/courteney-cox-bio-and-career-highlights?utm_source=arslan&utm_medium=social&utm_campaign=arslan,21/07/2026,
Oliver Tree’s Final Online Posts Captured A Perfect Day In Brazil Before Tragedy Struck,https://raw.githubusercontent.com/Arslan0070/Pins/main/pins/0310-oliver-trees-final-online-posts-captured-a-perfect-day-in-br.jpg,Boredpanda Viral,0:00,,https://www.boredpanda.com/oliver-tree-documented-fun-filled-day-in-brazil-in-last-social-media-post?utm_source=arslan&utm_medium=social&utm_campaign=arslan,21/07/2026,
Anna Faris Breaks Silence On “Sad” Chris Pratt Divorce Nearly A Decade After Their Split,https://raw.githubusercontent.com/Arslan0070/Pins/main/pins/0311-anna-faris-breaks-silence-on-sad-chris-pratt-divorce-nearly-.jpg,Boredpanda Viral,0:00,,https://www.boredpanda.com/anna-faris-shares-rare-insight-into-sad-chris-pratt-divorce-8-years-after-split?utm_source=arslan&utm_medium=social&utm_campaign=arslan,22/07/2026,
Fans Grieve After Singer And YouTuber Lose Their Lives In Horrific Accident,https://raw.githubusercontent.com/Arslan0070/Pins/main/pins/0312-fans-grieve-after-singer-and-youtuber-lose-their-lives-in-ho.jpg,Boredpanda Viral,0:00,,https://www.boredpanda.com/fans-grieve-after-singer-and-youtuber-lose-their-lives-in-horrific-accident?utm_source=arslan&utm_medium=social&utm_campaign=arslan,22/07/2026,
Mind-Blowing Simulation Reveals What 36 Hours Of Fasting Really Does To Your Body,https://raw.githubusercontent.com/Arslan0070/Pins/main/pins/0313-mind-blowing-simulation-reveals-what-36-hours-of-fasting-rea.jpg,Boredpanda Viral,0:00,,https://www.boredpanda.com/mind-blowing-simulation-reveals-what-36-hours-of-fasting-really-does-to-your-body?utm_source=arslan&utm_medium=social&utm_campaign=arslan,22/07/2026,
7 Times The World Cup Went Horribly Wrong — And Football Was Never The Same,https://raw.githubusercontent.com/Arslan0070/Pins/main/pins/0314-7-times-the-world-cup-went-horribly-wrong-and-football-was-n.jpg,Boredpanda Viral,0:00,,https://www.boredpanda.com/7-world-cup-scandals-that-changed-football-forever?utm_source=arslan&utm_medium=social&utm_campaign=arslan,22/07/2026,
"Celebrity Birthdays Today, June 14, 2026",https://raw.githubusercontent.com/Arslan0070/Pins/main/pins/0315-celebrity-birthdays-today-june-14-2026.jpg,Boredpanda Viral,0:00,,https://www.boredpanda.com/celebrity-birthdays-today-june-14-2026?utm_source=arslan&utm_medium=social&utm_campaign=arslan,22/07/2026,
NYT Strands Hints And Answers For 14-June-2026,https://raw.githubusercontent.com/Arslan0070/Pins/main/pins/0316-nyt-strands-hints-and-answers-for-14-june-2026.jpg,Boredpanda Viral,0:00,,https://www.boredpanda.com/nyt-strands-hints-and-answers-14-June-2026?utm_source=arslan&utm_medium=social&utm_campaign=arslan,22/07/2026,
NYT Connections Hints And Answers For 14-June-2026,https://raw.githubusercontent.com/Arslan0070/Pins/main/pins/0317-nyt-connections-hints-and-answers-for-14-june-2026.jpg,Boredpanda Viral,0:00,,https://www.boredpanda.com/nyt-connections-hints-and-answers-14-June-2026?utm_source=arslan&utm_medium=social&utm_campaign=arslan,22/07/2026,
"Spelling Bee Hints, Answers For 14-June-2026",https://raw.githubusercontent.com/Arslan0070/Pins/main/pins/0318-spelling-bee-hints-answers-for-14-june-2026.jpg,Boredpanda Viral,0:00,,https://www.boredpanda.com/spelling-bee-answers-14-June-2026?utm_source=arslan&utm_medium=social&utm_campaign=arslan,22/07/2026,
"Wordle #1821: Hints & Answer (Jun 14, 2026)",https://raw.githubusercontent.com/Arslan0070/Pins/main/pins/0319-wordle-1821-hints-answer-jun-14-2026.jpg,Boredpanda Viral,0:00,,https://www.boredpanda.com/nyt-wordle-hints-and-answers-14-June-2026?utm_source=arslan&utm_medium=social&utm_campaign=arslan,22/07/2026,
"NYT Pips Hints, Answers For 14-June-2026",https://raw.githubusercontent.com/Arslan0070/Pins/main/pins/0320-nyt-pips-hints-answers-for-14-june-2026.jpg,Boredpanda Viral,0:00,,https://www.boredpanda.com/nyt-pips-hints-and-answers-14-June-2026?utm_source=arslan&utm_medium=social&utm_campaign=arslan,22/07/2026,
NYT Mini Crossword Hints And Answers For 14-June-2026,https://raw.githubusercontent.com/Arslan0070/Pins/main/pins/0321-nyt-mini-crossword-hints-and-answers-for-14-june-2026.jpg,Boredpanda Viral,0:00,,https://www.boredpanda.com/nyt-mini-crossword-answers-and-hints-14-June-2026?utm_source=arslan&utm_medium=social&utm_campaign=arslan,23/07/2026,
Heather McDonald: Bio And Career Highlights,https://raw.githubusercontent.com/Arslan0070/Pins/main/pins/0322-heather-mcdonald-bio-and-career-highlights.jpg,Boredpanda Viral,0:00,,https://www.boredpanda.com/heather-mcdonald-bio-and-career-highlights?utm_source=arslan&utm_medium=social&utm_campaign=arslan,23/07/2026,
Faizon Love: Bio And Career Highlights,https://raw.githubusercontent.com/Arslan0070/Pins/main/pins/0323-faizon-love-bio-and-career-highlights.jpg,Boredpanda Viral,0:00,,https://www.boredpanda.com/faizon-love-bio-and-career-highlights?utm_source=arslan&utm_medium=social&utm_campaign=arslan,23/07/2026,
Diablo Cody: Bio And Career Highlights,https://raw.githubusercontent.com/Arslan0070/Pins/main/pins/0324-diablo-cody-bio-and-career-highlights.jpg,Boredpanda Viral,0:00,,https://www.boredpanda.com/diablo-cody-bio-and-career-highlights?utm_source=arslan&utm_medium=social&utm_campaign=arslan,23/07/2026,
Kevin McHale: Bio And Career Highlights,https://raw.githubusercontent.com/Arslan0070/Pins/main/pins/0325-kevin-mchale-bio-and-career-highlights.jpg,Boredpanda Viral,0:00,,https://www.boredpanda.com/kevin-mchale-bio-and-career-highlights?utm_source=arslan&utm_medium=social&utm_campaign=arslan,23/07/2026,
Lang Lang: Bio And Career Highlights,https://raw.githubusercontent.com/Arslan0070/Pins/main/pins/0326-lang-lang-bio-and-career-highlights.jpg,Boredpanda Viral,0:00,,https://www.boredpanda.com/lang-lang-bio-and-career-highlights?utm_source=arslan&utm_medium=social&utm_campaign=arslan,23/07/2026,
Marla Gibbs: Bio And Career Highlights,https://raw.githubusercontent.com/Arslan0070/Pins/main/pins/0327-marla-gibbs-bio-and-career-highlights.jpg,Boredpanda Viral,0:00,,https://www.boredpanda.com/marla-gibbs-bio-and-career-highlights?utm_source=arslan&utm_medium=social&utm_campaign=arslan,23/07/2026,
Gunna: Bio And Career Highlights,https://raw.githubusercontent.com/Arslan0070/Pins/main/pins/0328-gunna-bio-and-career-highlights.jpg,Boredpanda Viral,0:00,,https://www.boredpanda.com/gunna-bio-and-career-highlights?utm_source=arslan&utm_medium=social&utm_campaign=arslan,23/07/2026,
Lucy Hale: Bio And Career Highlights,https://raw.githubusercontent.com/Arslan0070/Pins/main/pins/0329-lucy-hale-bio-and-career-highlights.jpg,Boredpanda Viral,0:00,,https://www.boredpanda.com/lucy-hale-bio-and-career-highlights?utm_source=arslan&utm_medium=social&utm_campaign=arslan,23/07/2026,
Boy George: Bio And Career Highlights,https://raw.githubusercontent.com/Arslan0070/Pins/main/pins/0330-boy-george-bio-and-career-highlights.jpg,Boredpanda Viral,0:00,,https://www.boredpanda.com/boy-george-bio-and-career-highlights?utm_source=arslan&utm_medium=social&utm_campaign=arslan,23/07/2026,
Donald Trump: Bio And Career Highlights,https://raw.githubusercontent.com/Arslan0070/Pins/main/pins/0331-donald-trump-bio-and-career-highlights.jpg,Boredpanda Viral,0:00,,https://www.boredpanda.com/donald-trump-bio-and-career-highlights?utm_source=arslan&utm_medium=social&utm_campaign=arslan,24/07/2026,
“Quite Horrifying”: Man Successfully Grows A Chicken In An Open Egg And Gets It On Video,https://raw.githubusercontent.com/Arslan0070/Pins/main/pins/0332-quite-horrifying-man-successfully-grows-a-chicken-in-an-open.jpg,Boredpanda Viral,0:00,,https://www.boredpanda.com/man-successfully-grows-a-chicken-in-an-open-egg-and-gets-it-on-video?utm_source=arslan&utm_medium=social&utm_campaign=arslan,24/07/2026,
Brazilian Woman Loses Her Life In Rope Jump Disaster After Staff Make Critical Error During Attraction,https://raw.githubusercontent.com/Arslan0070/Pins/main/pins/0333-brazilian-woman-loses-her-life-in-rope-jump-disaster-after-s.jpg,Boredpanda Viral,0:00,,https://www.boredpanda.com/woman-loses-her-life-during-rope-jump-over-rookie-mistake-by-staff?utm_source=arslan&utm_medium=social&utm_campaign=arslan,24/07/2026,
FIFA Breaks Silence On Empty World Cup Seats After Embarrassing Scenes Trigger Fresh Scrutiny,https://raw.githubusercontent.com/Arslan0070/Pins/main/pins/0334-fifa-breaks-silence-on-empty-world-cup-seats-after-embarrass.jpg,Boredpanda Viral,0:00,,https://www.boredpanda.com/fifa-make-desperate-excuse-for-world-cup-empty-seats-embarrassment?utm_source=arslan&utm_medium=social&utm_campaign=arslan,24/07/2026,
31 Most Creative Responses To Viral Photo Of Donald Trump With Mysterious Figures,https://raw.githubusercontent.com/Arslan0070/Pins/main/pins/0335-31-most-creative-responses-to-viral-photo-of-donald-trump-wi.jpg,Boredpanda Viral,0:00,,https://www.boredpanda.com/donald-trump-photo-with-mysterious-unknown-figures-goes-viral?utm_source=arslan&utm_medium=social&utm_campaign=arslan,24/07/2026,
These 7 Footballers Became Known For Crimes As Much As Their Careers,https://raw.githubusercontent.com/Arslan0070/Pins/main/pins/0336-these-7-footballers-became-known-for-crimes-as-much-as-their.jpg,Boredpanda Viral,0:00,,https://www.boredpanda.com/7-footballers-whose-off-pitch-crimes-left-the-world-speechless?utm_source=arslan&utm_medium=social&utm_campaign=arslan,24/07/2026,
Australian Mom Sparks Tattoo Frenzy After Revealing Mistake She Didn’t Notice Until It Was Permanent,https://raw.githubusercontent.com/Arslan0070/Pins/main/pins/0337-australian-mom-sparks-tattoo-frenzy-after-revealing-mistake-.jpg,Boredpanda Viral,0:00,,https://www.boredpanda.com/australian-mom-reveals-hilarious-tattoo-fail?utm_source=arslan&utm_medium=social&utm_campaign=arslan,24/07/2026,
"Celebrity Birthdays Today, June 13, 2026",https://raw.githubusercontent.com/Arslan0070/Pins/main/pins/0338-celebrity-birthdays-today-june-13-2026.jpg,Boredpanda Viral,0:00,,https://www.boredpanda.com/celebrity-birthdays-today-june-13-2026?utm_source=arslan&utm_medium=social&utm_campaign=arslan,24/07/2026,
NYT Connections Hints And Answers For 13-June-2026,https://raw.githubusercontent.com/Arslan0070/Pins/main/pins/0339-nyt-connections-hints-and-answers-for-13-june-2026.jpg,Boredpanda Viral,0:00,,https://www.boredpanda.com/nyt-connections-hints-and-answers-13-June-2026?utm_source=arslan&utm_medium=social&utm_campaign=arslan,24/07/2026,
"Spelling Bee Hints, Answers For 13-June-2026",https://raw.githubusercontent.com/Arslan0070/Pins/main/pins/0340-spelling-bee-hints-answers-for-13-june-2026.jpg,Boredpanda Viral,0:00,,https://www.boredpanda.com/spelling-bee-answers-13-June-2026?utm_source=arslan&utm_medium=social&utm_campaign=arslan,24/07/2026,
"Wordle #1820: Hints & Answer (Jun 13, 2026)",https://raw.githubusercontent.com/Arslan0070/Pins/main/pins/0341-wordle-1820-hints-answer-jun-13-2026.jpg,Boredpanda Viral,0:00,,https://www.boredpanda.com/nyt-wordle-hints-and-answers-13-June-2026?utm_source=arslan&utm_medium=social&utm_campaign=arslan,25/07/2026,
NYT Mini Crossword Hints And Answers For 13-June-2026,https://raw.githubusercontent.com/Arslan0070/Pins/main/pins/0342-nyt-mini-crossword-hints-and-answers-for-13-june-2026.jpg,Boredpanda Viral,0:00,,https://www.boredpanda.com/nyt-mini-crossword-answers-and-hints-13-June-2026?utm_source=arslan&utm_medium=social&utm_campaign=arslan,25/07/2026,
"NYT Pips Hints, Answers For 13-June-2026",https://raw.githubusercontent.com/Arslan0070/Pins/main/pins/0343-nyt-pips-hints-answers-for-13-june-2026.jpg,Boredpanda Viral,0:00,,https://www.boredpanda.com/nyt-pips-hints-and-answers-13-June-2026?utm_source=arslan&utm_medium=social&utm_campaign=arslan,25/07/2026,
NYT Strands Hints And Answers For 13-June-2026,https://raw.githubusercontent.com/Arslan0070/Pins/main/pins/0344-nyt-strands-hints-and-answers-for-13-june-2026.jpg,Boredpanda Viral,0:00,,https://www.boredpanda.com/nyt-strands-hints-and-answers-13-June-2026?utm_source=arslan&utm_medium=social&utm_campaign=arslan,25/07/2026,
DJ Snake: Bio And Career Highlights,https://raw.githubusercontent.com/Arslan0070/Pins/main/pins/0345-dj-snake-bio-and-career-highlights.jpg,Boredpanda Viral,0:00,,https://www.boredpanda.com/dj-snake-bio-and-career-highlights?utm_source=arslan&utm_medium=social&utm_campaign=arslan,25/07/2026,
Rivers Cuomo: Bio And Career Highlights,https://raw.githubusercontent.com/Arslan0070/Pins/main/pins/0346-rivers-cuomo-bio-and-career-highlights.jpg,Boredpanda Viral,0:00,,https://www.boredpanda.com/rivers-cuomo-bio-and-career-highlights?utm_source=arslan&utm_medium=social&utm_campaign=arslan,25/07/2026,
Aaron Taylor-Johnson: Bio And Career Highlights,https://raw.githubusercontent.com/Arslan0070/Pins/main/pins/0347-aaron-taylor-johnson-bio-and-career-highlights.jpg,Boredpanda Viral,0:00,,https://www.boredpanda.com/aaron-taylor-johnson-bio-and-career-highlights?utm_source=arslan&utm_medium=social&utm_campaign=arslan,25/07/2026,
Steve-O: Bio And Career Highlights,https://raw.githubusercontent.com/Arslan0070/Pins/main/pins/0348-steve-o-bio-and-career-highlights.jpg,Boredpanda Viral,0:00,,https://www.boredpanda.com/steve-o-bio-and-career-highlights?utm_source=arslan&utm_medium=social&utm_campaign=arslan,25/07/2026,
Stellan Skarsgård: Bio And Career Highlights,https://raw.githubusercontent.com/Arslan0070/Pins/main/pins/0349-stellan-skarsgard-bio-and-career-highlights.jpg,Boredpanda Viral,0:00,,https://www.boredpanda.com/stellan-skarsgard-bio-and-career-highlights?utm_source=arslan&utm_medium=social&utm_campaign=arslan,25/07/2026,
Kat Dennings: Bio And Career Highlights,https://raw.githubusercontent.com/Arslan0070/Pins/main/pins/0350-kat-dennings-bio-and-career-highlights.jpg,Boredpanda Viral,0:00,,https://www.boredpanda.com/kat-dennings-bio-and-career-highlights?utm_source=arslan&utm_medium=social&utm_campaign=arslan,25/07/2026,
Mary-Kate Olsen: Bio And Career Highlights,https://raw.githubusercontent.com/Arslan0070/Pins/main/pins/0351-mary-kate-olsen-bio-and-career-highlights.jpg,Boredpanda Viral,0:00,,https://www.boredpanda.com/mary-kate-olsen-bio-and-career-highlights?utm_source=arslan&utm_medium=social&utm_campaign=arslan,26/07/2026,
Ashley Olsen: Bio And Career Highlights,https://raw.githubusercontent.com/Arslan0070/Pins/main/pins/0352-ashley-olsen-bio-and-career-highlights.jpg,Boredpanda Viral,0:00,,https://www.boredpanda.com/ashley-olsen-bio-and-career-highlights?utm_source=arslan&utm_medium=social&utm_campaign=arslan,26/07/2026,
Tim Allen: Bio And Career Highlights,https://raw.githubusercontent.com/Arslan0070/Pins/main/pins/0353-tim-allen-bio-and-career-highlights.jpg,Boredpanda Viral,0:00,,https://www.boredpanda.com/tim-allen-bio-and-career-highlights?utm_source=arslan&utm_medium=social&utm_campaign=arslan,26/07/2026,
Chris Evans: Bio And Career Highlights,https://raw.githubusercontent.com/Arslan0070/Pins/main/pins/0354-chris-evans-bio-and-career-highlights.jpg,Boredpanda Viral,0:00,,https://www.boredpanda.com/chris-evans-bio-and-career-highlights?utm_source=arslan&utm_medium=social&utm_campaign=arslan,26/07/2026,
"After Guests Revealed What Went On At Bonnie Blue’s Baby Shower, Drama Deepens As 3 Men Could Be The Father",https://raw.githubusercontent.com/Arslan0070/Pins/main/pins/0355-after-guests-revealed-what-went-on-at-bonnie-blues-baby-show.jpg,Boredpanda Viral,0:00,,https://www.boredpanda.com/bonnie-blue-baby-shower-drama-deepens-father-3-men?utm_source=arslan&utm_medium=social&utm_campaign=arslan,26/07/2026,
Anna Kepner Case Takes Disturbing Turn As Accused Teen’s Stepgrandma Calls For Charges Against Victim’s Father,https://raw.githubusercontent.com/Arslan0070/Pins/main/pins/0356-anna-kepner-case-takes-disturbing-turn-as-accused-teens-step.jpg,Boredpanda Viral,0:00,,https://www.boredpanda.com/anna-kepner-case-stepgrandma-calls-for-charges-against-victims-father?utm_source=arslan&utm_medium=social&utm_campaign=arslan,26/07/2026,
Brad Pitt Debuts Jaw-Dropping Makeover For New Survival Movie Only To Get Overshadowed By Co-Star,https://raw.githubusercontent.com/Arslan0070/Pins/main/pins/0357-brad-pitt-debuts-jaw-dropping-makeover-for-new-survival-movi.jpg,Boredpanda Viral,0:00,,https://www.boredpanda.com/brad-pitt-debuts-jaw-dropping-makeover-for-new-survival-movie-only-to-get-overshadowed-by-co-star?utm_source=arslan&utm_medium=social&utm_campaign=arslan,26/07/2026,
HS Valedictorian Breaks Silence After Heckling Student Shames His Speech,https://raw.githubusercontent.com/Arslan0070/Pins/main/pins/0358-hs-valedictorian-breaks-silence-after-heckling-student-shame.jpg,Boredpanda Viral,0:00,,https://www.boredpanda.com/hs-valedictorian-breaks-silence-after-heckling-student-shames-his-speech?utm_source=arslan&utm_medium=social&utm_campaign=arslan,26/07/2026,
Trump Health Mystery Deepens As New Filing Reveals Surprising Number Of Specialists Involved In President’s Care,https://raw.githubusercontent.com/Arslan0070/Pins/main/pins/0359-trump-health-mystery-deepens-as-new-filing-reveals-surprisin.jpg,Boredpanda Viral,0:00,,https://www.boredpanda.com/trump-health-mystery-deepens-as-new-filing-reveals-surprising-number-of-specialists-involved?utm_source=arslan&utm_medium=social&utm_campaign=arslan,26/07/2026,
House Of The Dragon Season 3: Everything To Know About The Game Of Thrones Prequel’s Return,https://raw.githubusercontent.com/Arslan0070/Pins/main/pins/0360-house-of-the-dragon-season-3-everything-to-know-about-the-ga.jpg,Boredpanda Viral,0:00,,https://www.boredpanda.com/house-of-the-dragon-season-3-everything-to-know-about-the-game-of-thrones-prequels-return?utm_source=arslan&utm_medium=social&utm_campaign=arslan,26/07/2026,
A Fashion Label Claims To Have Lab-Grown A “T-Rex Leather” Handbag But Now They Can’t Find Anyone To Buy It,https://raw.githubusercontent.com/Arslan0070/Pins/main/pins/0361-a-fashion-label-claims-to-have-lab-grown-a-t-rex-leather-han.jpg,Boredpanda Viral,0:00,,https://www.boredpanda.com/fashion-label-claims-to-have-lab-grown-a-t-rex-leather-handbag?utm_source=arslan&utm_medium=social&utm_campaign=arslan,27/07/2026,
Iggy Azalea Sparks Backlash After Revealing The Name Of Her Son In Baffling Post About His Citizenship,https://raw.githubusercontent.com/Arslan0070/Pins/main/pins/0362-iggy-azalea-sparks-backlash-after-revealing-the-name-of-her-.jpg,Boredpanda Viral,0:00,,https://www.boredpanda.com/iggy-azalea-son-name-sparks-backlash-in-post-about-citizenship?utm_source=arslan&utm_medium=social&utm_campaign=arslan,27/07/2026,
"After Jake Bongiovi Was Branded A “Useless Husband”, Millie Bobby Brown Breaks Silence On Controversy",https://raw.githubusercontent.com/Arslan0070/Pins/main/pins/0363-after-jake-bongiovi-was-branded-a-useless-husband-millie-bob.jpg,Boredpanda Viral,0:00,,https://www.boredpanda.com/millie-bobby-brown-breaks-silence-husband-jake-bongiovi-parenting-after-viral-video-her-carrying-bags?utm_source=arslan&utm_medium=social&utm_campaign=arslan,27/07/2026,
"The Age You Lost Your Virginity May Define How You Age In Later Life, Study Reveals",https://raw.githubusercontent.com/Arslan0070/Pins/main/pins/0364-the-age-you-lost-your-virginity-may-define-how-you-age-in-la.jpg,Boredpanda Viral,0:00,,https://www.boredpanda.com/when-you-lost-your-virginity-may-impact-how-well-you-age-study-reveals?utm_source=arslan&utm_medium=social&utm_campaign=arslan,27/07/2026,
Giant Inflatable Of Elon Musk Mysteriously Appears In Times Square With Scathing Message,https://raw.githubusercontent.com/Arslan0070/Pins/main/pins/0365-giant-inflatable-of-elon-musk-mysteriously-appears-in-times-.jpg,Boredpanda Viral,0:00,,https://www.boredpanda.com/giant-inflatable-elon-musk-mysteriously-appears-in-times-square?utm_source=arslan&utm_medium=social&utm_campaign=arslan,27/07/2026,
"Celebrity Birthdays Today, June 12, 2026",https://raw.githubusercontent.com/Arslan0070/Pins/main/pins/0366-celebrity-birthdays-today-june-12-2026.jpg,Boredpanda Viral,0:00,,https://www.boredpanda.com/celebrity-birthdays-today-june-12-2026?utm_source=arslan&utm_medium=social&utm_campaign=arslan,27/07/2026,
"NYT Pips Hints, Answers For 12-June-2026",https://raw.githubusercontent.com/Arslan0070/Pins/main/pins/0367-nyt-pips-hints-answers-for-12-june-2026.jpg,Boredpanda Viral,0:00,,https://www.boredpanda.com/nyt-pips-hints-and-answers-12-June-2026?utm_source=arslan&utm_medium=social&utm_campaign=arslan,27/07/2026,
"Wordle #1819: Hints & Answer (Jun 12, 2026)",https://raw.githubusercontent.com/Arslan0070/Pins/main/pins/0368-wordle-1819-hints-answer-jun-12-2026.jpg,Boredpanda Viral,0:00,,https://www.boredpanda.com/nyt-wordle-hints-and-answers-12-June-2026?utm_source=arslan&utm_medium=social&utm_campaign=arslan,27/07/2026,
NYT Connections Hints And Answers For 12-June-2026,https://raw.githubusercontent.com/Arslan0070/Pins/main/pins/0369-nyt-connections-hints-and-answers-for-12-june-2026.jpg,Boredpanda Viral,0:00,,https://www.boredpanda.com/nyt-connections-hints-and-answers-12-June-2026?utm_source=arslan&utm_medium=social&utm_campaign=arslan,27/07/2026,
"Spelling Bee Hints, Answers For 12-June-2026",https://raw.githubusercontent.com/Arslan0070/Pins/main/pins/0370-spelling-bee-hints-answers-for-12-june-2026.jpg,Boredpanda Viral,0:00,,https://www.boredpanda.com/spelling-bee-answers-12-June-2026?utm_source=arslan&utm_medium=social&utm_campaign=arslan,27/07/2026,
NYT Mini Crossword Hints And Answers For 12-June-2026,https://raw.githubusercontent.com/Arslan0070/Pins/main/pins/0371-nyt-mini-crossword-hints-and-answers-for-12-june-2026.jpg,Boredpanda Viral,0:00,,https://www.boredpanda.com/nyt-mini-crossword-answers-and-hints-12-June-2026?utm_source=arslan&utm_medium=social&utm_campaign=arslan,28/07/2026,
NYT Strands Hints And Answers For 12-June-2026,https://raw.githubusercontent.com/Arslan0070/Pins/main/pins/0372-nyt-strands-hints-and-answers-for-12-june-2026.jpg,Boredpanda Viral,0:00,,https://www.boredpanda.com/nyt-strands-hints-and-answers-12-June-2026?utm_source=arslan&utm_medium=social&utm_campaign=arslan,28/07/2026,
Thai Princess Passes Away At 47 After 4 Years In A Coma,https://raw.githubusercontent.com/Arslan0070/Pins/main/pins/0373-thai-princess-passes-away-at-47-after-4-years-in-a-coma.jpg,Boredpanda Viral,0:00,,https://www.boredpanda.com/thai-princess-bajrakitiyabha-passes-away-after-four-years-in-coma?utm_source=arslan&utm_medium=social&utm_campaign=arslan,28/07/2026,
Timothy Busfield: Bio And Career Highlights,https://raw.githubusercontent.com/Arslan0070/Pins/main/pins/0374-timothy-busfield-bio-and-career-highlights.jpg,Boredpanda Viral,0:00,,https://www.boredpanda.com/timothy-busfield-bio-and-career-highlights?utm_source=arslan&utm_medium=social&utm_campaign=arslan,28/07/2026,
Frances O’Connor: Bio And Career Highlights,https://raw.githubusercontent.com/Arslan0070/Pins/main/pins/0375-frances-oconnor-bio-and-career-highlights.jpg,Boredpanda Viral,0:00,,https://www.boredpanda.com/frances-oconnor-bio-and-career-highlights?utm_source=arslan&utm_medium=social&utm_campaign=arslan,28/07/2026,
Stéphanie Szostak: Bio And Career Highlights,https://raw.githubusercontent.com/Arslan0070/Pins/main/pins/0376-stephanie-szostak-bio-and-career-highlights.jpg,Boredpanda Viral,0:00,,https://www.boredpanda.com/stephanie-szostak-bio-and-career-highlights?utm_source=arslan&utm_medium=social&utm_campaign=arslan,28/07/2026,
Sonia Manzano: Bio And Career Highlights,https://raw.githubusercontent.com/Arslan0070/Pins/main/pins/0377-sonia-manzano-bio-and-career-highlights.jpg,Boredpanda Viral,0:00,,https://www.boredpanda.com/sonia-manzano-bio-and-career-highlights?utm_source=arslan&utm_medium=social&utm_campaign=arslan,28/07/2026,
Takashi Yamazaki: Bio And Career Highlights,https://raw.githubusercontent.com/Arslan0070/Pins/main/pins/0378-takashi-yamazaki-bio-and-career-highlights.jpg,Boredpanda Viral,0:00,,https://www.boredpanda.com/takashi-yamazaki-bio-and-career-highlights?utm_source=arslan&utm_medium=social&utm_campaign=arslan,28/07/2026,
Robyn: Bio And Career Highlights,https://raw.githubusercontent.com/Arslan0070/Pins/main/pins/0379-robyn-bio-and-career-highlights.jpg,Boredpanda Viral,0:00,,https://www.boredpanda.com/robyn-bio-and-career-highlights?utm_source=arslan&utm_medium=social&utm_campaign=arslan,28/07/2026,
Jordan Peterson: Bio And Career Highlights,https://raw.githubusercontent.com/Arslan0070/Pins/main/pins/0380-jordan-peterson-bio-and-career-highlights.jpg,Boredpanda Viral,0:00,,https://www.boredpanda.com/jordan-peterson-bio-and-career-highlights?utm_source=arslan&utm_medium=social&utm_campaign=arslan,28/07/2026,
Don Toliver: Bio And Career Highlights,https://raw.githubusercontent.com/Arslan0070/Pins/main/pins/0381-don-toliver-bio-and-career-highlights.jpg,Boredpanda Viral,0:00,,https://www.boredpanda.com/don-toliver-bio-and-career-highlights?utm_source=arslan&utm_medium=social&utm_campaign=arslan,29/07/2026,
Dave Franco: Bio And Career Highlights,https://raw.githubusercontent.com/Arslan0070/Pins/main/pins/0382-dave-franco-bio-and-career-highlights.jpg,Boredpanda Viral,0:00,,https://www.boredpanda.com/dave-franco-bio-and-career-highlights?utm_source=arslan&utm_medium=social&utm_campaign=arslan,29/07/2026,
Adriana Lima: Bio And Career Highlights,https://raw.githubusercontent.com/Arslan0070/Pins/main/pins/0383-adriana-lima-bio-and-career-highlights.jpg,Boredpanda Viral,0:00,,https://www.boredpanda.com/adriana-lima-bio-and-career-highlights?utm_source=arslan&utm_medium=social&utm_campaign=arslan,29/07/2026,
“That Didn’t Look Like Her”: Shakira’s World Cup 2026 Opening Show Fuels Speculation About Altered Appearance,https://raw.githubusercontent.com/Arslan0070/Pins/main/pins/0384-that-didnt-look-like-her-shakiras-world-cup-2026-opening-sho.jpg,Boredpanda Viral,0:00,,https://www.boredpanda.com/shakiras-world-cup-2026-opening-show-fuels-speculation-about-altered-appearance?utm_source=arslan&utm_medium=social&utm_campaign=arslan,29/07/2026,
"After Crying In Court Over Videos Of Horrific Crimes, Son Of Norway’s Future Queen Faces Major Trial Update",https://raw.githubusercontent.com/Arslan0070/Pins/main/pins/0385-after-crying-in-court-over-videos-of-horrific-crimes-son-of-.jpg,Boredpanda Viral,0:00,,https://www.boredpanda.com/future-queen-of-norways-son-major-update-in-trial-ahead-of-verdict?utm_source=arslan&utm_medium=social&utm_campaign=arslan,29/07/2026,
Bonnie Blue’s Baby Shower Takes Another Unexpected Turn As Guests Reveal What Cameras Didn’t Catch,https://raw.githubusercontent.com/Arslan0070/Pins/main/pins/0386-bonnie-blues-baby-shower-takes-another-unexpected-turn-as-gu.jpg,Boredpanda Viral,0:00,,https://www.boredpanda.com/bonnie-blue-baby-shower-guests-reveal-what-cameras-didnt-catch?utm_source=arslan&utm_medium=social&utm_campaign=arslan,29/07/2026,
Trump Faces Backlash Over $14 Million Project As Citizens React With Anger And Sarcasm: “Spot The Difference”,https://raw.githubusercontent.com/Arslan0070/Pins/main/pins/0387-trump-faces-backlash-over-14-million-project-as-citizens-rea.jpg,Boredpanda Viral,0:00,,https://www.boredpanda.com/donald-trump-14-million-dollar-project-lincoln-memorial-pool-backlash?utm_source=arslan&utm_medium=social&utm_campaign=arslan,29/07/2026,
Make-Up Artist Who Mistook Pregnancy For Trapped Gas Makes Even More Bizarre Admission In Befuddling Interview,https://raw.githubusercontent.com/Arslan0070/Pins/main/pins/0388-make-up-artist-who-mistook-pregnancy-for-trapped-gas-makes-e.jpg,Boredpanda Viral,0:00,,https://www.boredpanda.com/make-up-artist-mistakes-pregnancy-for-trapped-gas?utm_source=arslan&utm_medium=social&utm_campaign=arslan,29/07/2026,
"After US Tourists Are ‘Tricked’ Into Paying 44 Euros For Two Ice Creams In Rome, Expert Gives Travel Warning",https://raw.githubusercontent.com/Arslan0070/Pins/main/pins/0389-after-us-tourists-are-tricked-into-paying-44-euros-for-two-i.jpg,Boredpanda Viral,0:00,,https://www.boredpanda.com/tourists-tricked-into-paying-44-euros-for-two-ice-creams-in-rome-expert-gives-travel-warning?utm_source=arslan&utm_medium=social&utm_campaign=arslan,29/07/2026,
Tim Allen Breaks Silence On The Chilling Downward Spiral Of His TV Son Preventing ‘Home Improvement’ Reboot,https://raw.githubusercontent.com/Arslan0070/Pins/main/pins/0390-tim-allen-breaks-silence-on-the-chilling-downward-spiral-of-.jpg,Boredpanda Viral,0:00,,https://www.boredpanda.com/tim-allen-tv-son-chilling-downward-spiral-home-improvement-reboot?utm_source=arslan&utm_medium=social&utm_campaign=arslan,29/07/2026,
Bill Gates Drops Bombshell In Congress Claiming Epstein Tried To Blackmail Him Over ‘Painful’ Marriage Secret,https://raw.githubusercontent.com/Arslan0070/Pins/main/pins/0391-bill-gates-drops-bombshell-in-congress-claiming-epstein-trie.jpg,Boredpanda Viral,0:00,,https://www.boredpanda.com/bill-gates-drops-bombshell-in-congress-claiming-epstein-tried-to-blackmail-him?utm_source=arslan&utm_medium=social&utm_campaign=arslan,30/07/2026,
“Looksmaxxing” Attempt By Clavicular Torn Down By Netizens After He Shared Side-By-Side Results,https://raw.githubusercontent.com/Arslan0070/Pins/main/pins/0392-looksmaxxing-attempt-by-clavicular-torn-down-by-netizens-aft.jpg,Boredpanda Viral,0:00,,https://www.boredpanda.com/looksmaxxing-attempt-by-clavicular-teared-down-by-netizens-after-he-shared-side-by-side-results?utm_source=arslan&utm_medium=social&utm_campaign=arslan,30/07/2026,
Someone’s Autistic Nephew Blasted Josh Brolin’s New Film After Plot Left Many Perplexed,https://raw.githubusercontent.com/Arslan0070/Pins/main/pins/0393-someones-autistic-nephew-blasted-josh-brolins-new-film-after.jpg,Boredpanda Viral,0:00,,https://www.boredpanda.com/someone-autistic-nephew-blasted-josh-brolins-new-film?utm_source=arslan&utm_medium=social&utm_campaign=arslan,30/07/2026,
BBC Halts ‘Doctor Who’ Indefinitely After “Woke” Storylines Turn Into “Toxic” Disaster And Ratings Nightmare,https://raw.githubusercontent.com/Arslan0070/Pins/main/pins/0394-bbc-halts-doctor-who-indefinitely-after-woke-storylines-turn.jpg,Boredpanda Viral,0:00,,https://www.boredpanda.com/bbc-doctor-who-hiatus-woke-storylines-toxic-ratings-nightmare?utm_source=arslan&utm_medium=social&utm_campaign=arslan,30/07/2026,
"This Artist Turns Beloved Dogs Into Soft, Nostalgic-Looking Portraits (76 Pics)",https://raw.githubusercontent.com/Arslan0070/Pins/main/pins/0395-this-artist-turns-beloved-dogs-into-soft-nostalgic-looking-p.jpg,Boredpanda Viral,0:00,,https://www.boredpanda.com/dog-portraits-drawings-victoria-dael?utm_source=arslan&utm_medium=social&utm_campaign=arslan,30/07/2026,
"Machine Gun Kelly Reveals Frightening Side Effects Of Covering Body In Tattoo Ink, Doctors Unveil The Dangers",https://raw.githubusercontent.com/Arslan0070/Pins/main/pins/0396-machine-gun-kelly-reveals-frightening-side-effects-of-coveri.jpg,Boredpanda Viral,0:00,,https://www.boredpanda.com/mgk-reveals-side-effects-blackout-tattoo-transformation?utm_source=arslan&utm_medium=social&utm_campaign=arslan,30/07/2026,
Plus-Size Woman Asks The Internet To Judge Honestly If What She Wore To The Bridal Shower Was Out Of Line,https://raw.githubusercontent.com/Arslan0070/Pins/main/pins/0397-plus-size-woman-asks-the-internet-to-judge-honestly-if-what-.jpg,Boredpanda Viral,0:00,,https://www.boredpanda.com/woman-wears-white-bridal-shower-annoys-mil?utm_source=arslan&utm_medium=social&utm_campaign=arslan,30/07/2026,
"Celebrity Birthdays Today, June 11, 2026",https://raw.githubusercontent.com/Arslan0070/Pins/main/pins/0398-celebrity-birthdays-today-june-11-2026.jpg,Boredpanda Viral,0:00,,https://www.boredpanda.com/celebrity-birthdays-today-june-11-2026?utm_source=arslan&utm_medium=social&utm_campaign=arslan,30/07/2026,
"NYT Pips Hints, Answers For 11-June-2026",https://raw.githubusercontent.com/Arslan0070/Pins/main/pins/0399-nyt-pips-hints-answers-for-11-june-2026.jpg,Boredpanda Viral,0:00,,https://www.boredpanda.com/nyt-pips-hints-and-answers-11-June-2026?utm_source=arslan&utm_medium=social&utm_campaign=arslan,30/07/2026,
"Spelling Bee Hints, Answers For 11-June-2026",https://raw.githubusercontent.com/Arslan0070/Pins/main/pins/0400-spelling-bee-hints-answers-for-11-june-2026.jpg,Boredpanda Viral,0:00,,https://www.boredpanda.com/spelling-bee-answers-11-June-2026?utm_source=arslan&utm_medium=social&utm_campaign=arslan,30/07/2026,
